{
    "overallGameTime": 6.2185750007629398,
    "overallScore": 0.0,
    "appType": "VR",
    "startTimestamp": 0.0,
    "endTimestamp": 6.2185750007629398,
    "actions": []
}